command,mean,stddev,median,user,system,min,max
node ./mandelbrot.js,0.042238560591549304,0.004115031258676476,0.041533284000000004,0.03874147887323942,0.005922042253521126,0.040939246000000006,0.075980296
./roc-mandelbrot,0.004043338827404488,0.0002394550676302671,0.003992417,0.0034281765480895956,0.000514627140974967,0.003803242,0.0058519290000000005
./haskell-mandelbrot,0.010912189929104484,0.00011310496551271152,0.0108780425,0.005626507462686569,0.0018480223880597009,0.010737849,0.011402491
./rust-mandelbrot,0.0036928766907975454,0.000195556632103864,0.0036620560000000003,0.003325528834355831,0.00030075582822085885,0.0034604960000000004,0.005302915
