command,mean,stddev,median,user,system,min,max
node ./mandelbrot.js,0.042234508750000004,0.0011440811024924092,0.04212107600000001,0.03873888888888888,0.00604083333333333,0.040726945,0.04766833
./roc-mandelbrot,0.003945888856140354,0.0002832163685537566,0.003917053,0.003449224561403511,0.0003852175438596499,0.0038171900000000003,0.008387018000000001
hs-mandelbrot/hs-mandelbrot,0.023197329506944444,0.004261095795278234,0.020920135,0.014372409722222217,0.001848854166666667,0.020773409,0.031297954
rs-mandelbrot/target/release/rs-mandelbrot,0.003587403089097302,0.0002929830964769344,0.003556469,0.0032565334114888623,0.00022236811254396256,0.0034803160000000002,0.007579087000000001
