command,mean,stddev,median,user,system,min,max
node ./mandelbrot.js,0.04234707287142857,0.0005086746512878152,0.0422573955,0.037933414285714284,0.0034351428571428575,0.041571750000000005,0.045063083000000004
./roc-mandelbrot,0.007417760686528497,0.00011865132604600552,0.0073802285000000006,0.006490207253886008,0.000605927461139897,0.007292333000000001,0.00833625
./rust-mandelbrot,0.005541343048689139,0.00004124216409155166,0.005523083,0.005080859550561807,0.00024809550561797743,0.005488166,0.005781416
./haskell-mandelbrot,0.015284532463541662,0.0005891444090471334,0.015475270500000003,0.009055432291666665,0.0013823541666666663,0.013101416000000001,0.016585708
