command,mean,stddev,median,user,system,min,max
node ./mandelbrot.js,0.04215982047142858,0.00042286290371064785,0.042113583,0.03785892857142856,0.0033409571428571435,0.041599416,0.043758750000000006
./roc-mandelbrot,0.00739244187692308,0.00012649770687459043,0.00733375,0.006487812820512814,0.0005917333333333334,0.007283958,0.00784775
./rust-mandelbrot,0.005538500573308279,0.00004571086648195744,0.005523583,0.005080426691729326,0.000245535714285714,0.005489916,0.00604275
./haskell-mandelbrot,0.02776005429245282,0.0005206484097384719,0.028050624500000003,0.015867952830188676,0.001464632075471698,0.026050625,0.028306666
